Solution ID,Solution abbreviation,Solution,Category,Description,Resources,Case studies ,Quote,Filter category,Extra resources/case studies/quotes (if needed)
1,Public-private partnerships,Address caregiving needs through public-private partnerships,"Policy, Advocacy, & Systemic Change",Leverage the assets of both government entitites and private organizations to work together to address the care crisis. Public-private partnerships (PPPs) can be an effective strategy for bringing about more access and affordability to early childcare education in communities. ,See examples and elements of PPPs that can address the care crisis,"Kentucky matches funds when Kentucky employers help their employees pay for child care costs for eligible providers.

Michigan’s Tri-share model helps alleviate the cost of care for families so that the government, employers, and families each pay a third of the share of care. To help employers budget, in the updated version of this program, they’re trying to set a floor and ceiling to a sliding scale model that more employees can take advantage of who might not necessarily qualify for the government benefit. 

Oregon passed the CHIPS Child Care Fund that builds on existing state child care programs that could support businesses in unlocking federal funds through the federal CHIPS and Science Act.

Indiana has awarded $25 million to employer-sponsored childcare grants. Forty employers plan to provide on-site childcare to their employees, and 15 will offer childcare tuition benefits to their workers. The remaining awardees plan to support childcare for their employees in a variety of other ways, such as reserving seats at partner childcare centers.","""The Tri-Share program is simply excellent. The benefit is arguably one of the best benefits outside of health insurance."" -Cheryl Bergman, Executive Director, Michigan's Women's Commission

“Tri-Share is a great tool for employers. When businesses utilize it, they experience significant cost savings from retention and recruitment costs.” - Marcus Keech, Grand Rapids Chamber",I want to innovate,"“Our ultimate goal in going statewide with Tri-Share is to establish regional hubs that partner with businesses and providers, and create a platform where parents can go in and reserve slots rather than having to go and find their own provider and potentially join a waitlist, which is currently what they have to do. Instead, the hub will show that we have these 20 slots in our county, and you can see where they're located based on where you live and where you work. We want to take a lot of the stress away from the individual families. These are people that are out there working nonstop trying to put food on their table, just trying to get back into the workplace, so to create additional barriers for them doesn't make sense.” - Marcus Keech, Grand Rapids Chamber"
2,Public policy,Advocate for public policy support for care,"Policy, Advocacy, & Systemic Change","Local, state, and federal policies can support the care movement by scaling benefits for all workers. As an employer, you have a role in advocating for these policies to get enacted. For example, you can sign a petition for the extension of the Child Care Stabilization program, support an increased tax credit for businesses who provide childcare, or ask for subsidized salaries for childcare workers so more care options exist for your workers. ","Ask your legislator to champion early childhood investments through Start Early's campaign.

Read about the federal tax code & childcare to reform policy to support businesses in providing childcare.

Moms First aims to create sweeping changes by galvanizing the private sector to transform our workplaces to work for caregivers and why we must invest in them.","Vermont's business community craved a solution to recruit and retain staff. Alongside Let's Grow Kids, employers advocated for Vermont's Act 76, which commited $125 million to the child care sector annually through a 0.44% payroll tax. More families are eligible to receive financial assistance for child care than ever before, and the state is paying programs at higher weekly rates to provide that care. Since implementation, slots have surged boosting access for many families and relieving employers of staff shortages with a more stable workforce.
New Orleans passed a property tax levy in 2022 that the state will match to provide access for more low-income families to receive early childcare education services.
New Mexico is the first state to guarantee early childcare education as a universal right.  ","""In Vermont, there was a lot of endorsement from the business community for childcare support but they were all band-aid solutions. So, the business community got together with Let’s Grow Kids and they came up with a few ways to forge a new revenue stream towards childcare solutions. They passed a 0.44% payroll tax, which businesses supported, to deposit into the Child Care Contribution Special Fund. Childcare supports are not just the right thing for the educational foundation of the youngest learners, but it also makes good business sense to invest in childcare, and to make sure that all stakeholders are at the table to ensure structural systemic improvement.” - Aaron Merchen, Chamber of Commerce",,Texas passed a local option property tax exemption for eligible center-based providers
3,Employee advocacy,Build the case for caregiving benefits for your workforce,"Policy, Advocacy, & Systemic Change","Show the needs of your employee base by revealing gaps in the care system that people have to overcome to remain in the workforce. Build a clear, digestible directory of services for caregivers, specific to your geographic region, highlighting centers, family-based care, nonprofits, faith-based organizations, & Head Start/Early Head Start programs. Use this to advocate for the company to fill the gaps in services.",NationSwell's Case for Childcare Collaborative has built a customizable deck to help leaders advocate for childcare benefits.,Patch Caregiving worked with UPS in one California facility to pilot a back-up care for frontline employees in 2022 that was so successful it led to the expansion of the program to additional facilities across the country.,"

""We are an organization that has many departments that can service both our business and on-site childcare center. We have a finance department to help our Childcare Director with her budget. We have the security department to deal with entrance/door security. We have an IT department for internet support. Many businesses already have this infrastructure and a childcare center is like another department that they can serve."" -Loryn Duke, Steamboat Resort",,
4,Care culture,Empower caregivers in your organizational culture,Employee Engagement & Culture,"Create a culture that celebrates care. Empower employees to utilize childcare benefits that exist, encourage leadership to normalize conversation about their care responsibilites, and prompt employees to share knowledge, like through an employee resource group. Ensure language and policies are inclusive for caregivers in unique situations, like those who care for children with disabilities. In the physical space, ensure there are accommodations for new parents, like a lactation room & providing time for these parents to nurse during their shifts.","Review family friendly benefits for parents and caregivers.

Read Vivvi's blog on how to create a better future for caregivers by building a parent-friendly workplace

The Families and Work Institute conducts research and provides resources focused on work-life balance and supporting caregivers.

Society for Human Resource Management (SHRM) provides articles and research on building a supportive workplace culture for caregivers, including best practices and case studies, like this page on Workplace Inclusion or Supporting Employee Caregivers.",,"""We also learned our people were calling in sick for themselves when they had a childcare issue. In their minds, there was a stigma associated with having childcare issues that they wanted to avoid."" - Danelle McCusker Rees, UPS

“Our care policies help us get rockstar talent. Our attrition is low because people come and they stay with us. We don’t see a motherhood or parenthood penalty at Etsy.” -Josh Silverman, CEO, Etsy",,"“I myself worked at an ad agency where I couldn’t even tell them I had a kid for the first 6 months of working there. I think that until we actually also look at it from a holistic perspective, and make sure we also supporting and encouraging people in creating a culture where they feel empowered to prioritize their childcare needs, then the tactical solutions won’t make that much of a difference.” - Hillary Hittner, LUMO

""Are we creating the culture where employees feel that they have the agency to take the benefits that are available to them? If not, these benefits won’t matter."" -Hillary Hittner, LUMO Leadership"
5,Business partnerships,Collaborate with your Chamber of Commerce & your representatives ,"Policy, Advocacy, & Systemic Change","Your local Chamber of Commerce will work to influence policies that will support your business and the workforce. Partner with them to advocate for public policies that can support your employee base's needs. In addition, understand your local representatives and their stance on caregiving policies.",Find your local Chamber of Commerce using this directory,"The Bipartisan Policy Center & the US Chamber of Commerce Foundation created The Early Childhood and Business Advisory Council to support the expansion of quality, affordable childcare in communities and states across the country. Their goal is to strengthen connections between businesses and early childhood communities in areas where local and state Chambers of Commerce have identified child care as a priority. ","""Government spending on childcare benefits is effectively building a workforce. Employers advocating for government benefits for childcare is one of the most powerful ways to get movement and further support needed."" -Siran Cao ",,
6,Subsidized care,Compensate employees directly for childcare costs ,Direct Care Solutions,"Provide a set monthly childcare stipend or build a relationship with a nearby childcare provider where employees get a subsidized rate of care or credits for employees. Funds might be used to lower costs of care, pay for care expenses during holidays or breaks when care centers are closed, or compensate for emergency care when the full-time option falls through.","Read about childcare stipends- their purpose, the benefits of providing them, peers who are already offering them, and a guide on how to implement them at your company. ","Molly Moon's ice cream shop provides a child care subsidy so that caregivers don't have to choose between family and career. They have a set starting wage for every position in our company, a career pathways program with clear steps to promotion, fully paid health benefits, and 12 weeks of fully paid parental leave.

Mazda Toyota Manufacturing partnered with TOOTRiS to support caregivers to find slots for temporary childcare, drop-ins, and non-traditional work schedules.

Tyson Foods: has employer-sponsored child care facility near the company’s Humboldt, Tennessee, poultry processing complex with KinderCare—they subsidize tuition to help lower the cost for its team members.

In 2022, Fast Retailing and its group companies in the United States started a child care stipend of a maximum $1,000 a month per child for up to 36 months.","“One of our employees who received a childcare subsidy immediately found more reliable childcare and applied to be promoted from a shift leader to a manager role. Her boss went on maternity leave this year and she stepped in as interim shop manager. We’ve now promoted her to run her own shop. We have given her the tools to balance supporting her family financially, providing quality care for her child, and moving forward in a career she is great at. That is the power of investing in childcare.""  -Molly Moon, Founder & CEO of Molly Moon's Homemade Ice Cream",,"Etsy employees can use $4,000 in backup childcare credits annually, along with a $1,000 stipend, and 60% of parents claim that the offerings had enabled them to stay in the workforce. 
Marriott: offers discounts at more than 2,200 childcare centers. Associates can also save money in a Dependent Care Spending Account using pre-tax dollars to help pay for childcare expenses. 
Vivvi makes exceptional care and learning more accessible and affordable for working families by partnering with employers of all sizes to provide child care as a benefit.
Explore NY's assistance program."
7,Asset mapping,Conduct a needs & assets assessment with employees,Learning & Assessment,"Go through an in-depth process to understand the current assets & benefits you offer caregivers, the employee needs that you can address, and your community's resources related to caregiving. This process can reveal the challenges your talent face and how your business could support these gaps in services.","Executives Partnering to Invest in Children (EPIC) enables the business community to build the workforce of tomorrow while supporting the workforce of today by providing tailored consulting to define and develop custom childcare solutions for employers. In December 2024, they are launching an Employer Child Care Navigator, which will be a first-of-its-kind national tool to match the needs of employeers with childcare providers and vendors they need to support their childcare goals. ","Merck created a journey map for employees to understand the company's current offerings depending on what needs the employee is facing. Many of these benefits relate to a myriad of obstacles a caregiver might face. For example, they outline physical, mental, & financial support benefits and showcase offerings for employees who want to build a family, care for loved ones, or take time away from work.","""We’ve continued to hear from our business leaders that many of them are trying to address childcare directly in their communities and don't know how to do that. We work to help them understand how to address childcare needs for the business, employees, and the community. We approach this from an equitable and community-minded perspective, helping them find the right solution and then understanding the long-term financial implications and feasibility of that solution.” -Nicole Riehl, EPIC",I'm just getting started,
8,Care campaign,Create or support a care campaign to value this work,"Policy, Advocacy, & Systemic Change","The United States has a broken childcare business model and culture does not value caregiving. Leaders in the care economy are working to build compelling, informative, and thought-provoking campaigns that showcase the realities of childcare work, how to access benefits, and where to go for support. Proximity to an issue helps people understand the realities & barriers others face, exposing that care is the bedrock of our society. ","Join the Get Child Care on the Record Campaign.

Participate in the #ShowUsYourChildCare Campaign.",Watch this campaign about mom guilt.,"""The more we can see corporations supporting care, the more momentum we have to build on to take to public policy leaders that can help create more solutions."" -Patrice Cromwell, Annie E. Casey Foundation",I want to innovate,
9,Childcare philanthropy,Donate a portion of your philanthropy to the care sector,"Policy, Advocacy, & Systemic Change","Private investments or donations to support the childcare economy can enhance the quality, availability, and affordability of childcare, which, in turn, can retain and boost participation in the workforce. Consider how childcare can be a tactic to achieve your social impact pillars or workforce development strategies. ","The Raising Child Care Fund is an initiative of Early Childhood Funders Collaborative that pools private foundation dollars to give grants to groups that lift up the voices of families, early educators, and allies—working alongside them to build powerful coalitions to transform child care and expand equity.","JPMorgan Chase has taken a strong stand on donating to the childcare ecosystem to support their focus on both small businesses and minority-owned businesses. For example, in Washington, D.C., they made a $5 million commitment to launch the Advancing Early Education Collaborative, which is a partnership to increase access to education, skills, and training opportunities, as well as wealth building and capacity building for early childhood educators and the centers that employ them. 

IBM has a long history of both supporting employees and communities with childcare needs, recognizing the childcare system is broken and needs philanthropic support from corporates.",,I want to innovate,
10,Tax benefit education,Educate employees about the Child & Dependent Care Tax Credit (CDCTC),Financial Support & Benefits,"Help employees understand if they qualify for CDCTC funding to help pay for eligible care costs. Supporting employees to unlock public benefits is a way to boost their access to childcare support, enabling them the opportunity to more fully thrive in the workplace.",Read about the CDCTC. ,,,,
11,Care leader collaboration,Learn from those who are already deeply versed in caregiving benefits,Learning & Assessment,"Begin to explore existing resources from your peers and leaders within the care movement, tapping into the knowledge and resources that already exist. Take time to look into local initiatives to understand the unique aspects of the regions where you operate. Contact local childcare centers to understand what partnerships could look like. ","Click through Invest in Care by the Holding Co. that guides corporates, entrepreneurs, and investors on the care economy.

Explore Child Care Aware's search that can help caregivers search for options. 

Review Women.NYC's childcare toolkit for employers.

The Caregiver Action Network provides resources for family caregivers and advocates for changes in workplace policies to support those balancing work and caregiving responsibilities.",,"""We are not a childcare business. We had no expectations that we would know how to open or operate a childcare center, but there are so many resources out there to help you. Everyone wants to share their successes and toolkits. There are so many resources out there to help you understand what the process looks like, how it's feasible, and then help you get up and running to be successful."" -Loryn Duke, Steamboat Resort

""When we started thinking we could open a childcare center, we started calling everyone we knew in the space to ask how they got started- We got on the phone with Patagonia, our local County Commissioner who had experience with childcare, we even called local childcare centers to ask how they got started. Everyone was so generous with their time and advice and it helped us understand the first steps."" -Morgan Bast, Marketing Director, Steamboat Resort",I'm just getting started,
12,Benefit cliff consideration,Learn how you can support employees affected by the benefits cliff ,"Policy, Advocacy, & Systemic Change","Some employees might be forced to decline promotions if it means they will be disqualified from receiving government assistance, locking them into a path with less economic mobility. When offering promotions, ensure employees who might fall in this category are compensated or provided benefits that can replace their lack of government assistance. ",Learn about the distinction of a ‘benefits cliff’ and what can be done to support families who encounter this as a headwind to economic mobility.,Massachusetts continued funding childcare stabilization grants after the American Rescue Plan expired by investing $475M in 2024 in the Commonwealth Cares for Children (C3) state program.  ,"“Never decline people from climbing the ladder of economic prosperity. We want to increase MIchigan's Tri-Share to include a sliding scale so we can get rid of the benefits cliff. Right now, as somebody is making more money, they become ineligible for the full third of the benefit from the state. So, we hear people are declining promotions and raises because then they will get kicked out of the program.” -Marcus Keech, Grand Rapids Chamber of Commerce",The most critical aspects for frontline workers,
13,CHIPS Act grants,Learn if you qualify for the CHIPS Act grants,Financial Support & Benefits,The CHIPS & Science Act of 2022 established a fund to carry out activities relating to the creation of incentives to produce semiconductors in the United States. Manufacturing and construction companies who receive these grants will be required to provide childcare for their workers. ,"Learn about the repercussions of the revolutionary CHIPS policy.

Read about micro-centers and how they can help scale access to affordable care options.","In 2024, Intel announced an expansion of its childcare provider networks, an expansion of its current backup childcare benefits, the launch of a new childcare subsidy pilot for non-exempt employees, work with its suppliers to pilot certain childcare supports for contingent workers, and efforts to increase childcare availability near its facilities.","""We’re going to invest over $100M in manufacturing capabilities for 100K jobs. We need to attract and retain a workforce moving forward. We’re making enhancements – like extending the number of days for back-up programs. We’re partnering with Patch Caregiving to have a dedicated facility for 24/7 back-up care. We're focused on helping build facilitities that will serve contingent workers to ensure they have access to discounted programs. We think this will help us attract the workforce of tomorrow and we can care for the future generation of innovators while we’re doing this."" -Amber Wiseley, Vice President, Total Rewards, Intel
",,
14,ROI measurement,Measure your caregiving ROI & share it publically,Learning & Assessment,"Take stock of the return on your childcare investments- both the tangible costs recouped (tax credits, employee retention, etc...) but also the intangible benefits (employee loyalty, satisfaction, promotion, trust, etc...). Once you've calculated the ROI, share this breakdown publically to help encourage peers to push their own caregiving support forward. ","Read the study Moms First & BCG conducted on the ROI of childcare policies at 5 companies.

Review The Best Place for Working Parent's Child Care Toolkit tips for demonstrating the ROI of your supports.",Patagonia released their ROI of childcare policies ranging from 115-125%.,"""We tried to make our pitch as metric-bound as possible, that's what spoke to our decision-makers: the number of employees who have kids, the stats on our regional childcare desert, the stats on those who are leaving our workforce, and more. We Built a toolkit to convince executives and show the long-term ROI on how these benefits could pay off."" -Morgan Bast, Marketing Director, Steamboat Resort

""We decided we wanted to experiment with a solution for our people.  One of the most critical components of starting a new program is getting early buy-in from your executive leadership team. We asked for a little bit of funding to see what we could learn. We ran a pilot which gave us the ability to build the business case for our backup childcare program through data, statistics, and a tangible ROI.” -Danelle McCusker Rees, UPS",I want to innovate,
15,Coverage bonus,Offer a coverage bonus for employees while caregivers are on leave,Flexible Work & Leave Policies,"When an employee takes parental or medical leave to care for loved ones, create a culture that supports the entire team by offering a coverage bonus to that employee's close colleagues who will cover for them while they're on leave. This not only encourages employees to feel supported when they are on leave, but it maintains equity for those who are taking on additional responsibilities when the team is shorter-staffed. ",,"NationSwell offers a bonus for employees who cover for their colleagues while they are out on paid parental leave, recognizing the work that goes into supporting caregivers from multiple angles. ","""We were able to showcase that a lot of our non-caregiver workforce was still supportive of on-site childcare because they were impacted by caregivers when they had to leave because of lack of childcare."" -Loryn Duke, Steamboat Ski Resort",,
16,Flexible spending accounts,Offer Flexible Spending Accounts (FSA),Flexible Work & Leave Policies,Give employees the option of setting aside pre-tax dollars to pay for eligible medical expenses for them and their dependents (through a Dependent Care FSA). This benefit can help lower costs of necessary services for caregivers and those they are caring for.,Explore the U.S. Chamber of Commerce's Employer Guide to Childcare Assistance and Tax Credits.,,,,
17,Health insurance,Offer health insurance to all to support both caregivers & those they care for,Financial Support & Benefits,"Health insurance is an essential component of a parent of caregiver's support as it can ease the burden of expected or unexpected medical costs. Small businesses can choose to offer health insurance for their employees and large businesses can opt to give health insurance to employees who are traditionally excluded from benefits packages. Offering health insurance to more employees can reduce their stress, improving their well-being, while also increasing their engagement and productivity at work.","Review Invest in Care by the Holding Co., which shows the opportunity for the insurance industry to customize how caregivers can be better served and supported.",,,The most critical aspects for frontline workers,
18,Mental health resources,Include mental health resources and services in your benefits package ,Employee Engagement & Culture,"Mental health support is especially important for caregivers and those facing postapartum depression. When considering who can receive benefits, ensure you cover those workers who are traditionally excluded. Part-time, hourly, contract, frontline, and gig workers can benefit from supports like mental health benefits. This will not only support caregivers in navigating their care obstacles, but it will also help keep them engaged in the workforce.",Read the United States of Care's report on the role employers can play in the postpartum experience,"Starbucks offers all employees and eligible family members mental health support through Lyra. The benefit includes personalized, confidential, evidence-based mental health care for a wide-range of needs, through 20 free sessions each fiscal year.","“It can be very isolating as a frontline worker, especially if you're also a single parent. You're also dealing with a lack of sleep and balancing work and life. Mental health needs are paramount for not only for you as an individual in your life, but also affect how you contribute at work, and how you show up as a parent. So an employer offering to cover the cost of a selected resource or creating a relationship with a mental health counseling app, so employees can get support at whatever hours they are available, is life-changing.” - Fran McIntyre, Pendulum Dependent Care Solutions",,
19,Employee resource group,Organize an employee resource group (ERG) for caregivers,Employee Engagement & Culture,"Build space and time for your staff to connect around caregiving, empowering employees to share knowledge, discover temporary fixes, and spark a culture of prioritizing care. Often, having an ERG is a great place to start from a listening perspective, and also helps with advocacy when it comes to implementing benefits. Going a step further, have ERGs for specific kinds of caregivers, like those caring for people with disabilities or expecting parents to provide community and shared resources for more specific groups.","Diversity Best Practices provides resources and toolkits for creating ERGs, including specific guidance on supporting caregivers and work-life balance.","Guardian Life Insurance has a Caregivers Advocating for Resources & Empowerment (CARE) ERG focused on promoting care within the culture of the company that is open to all workers, including frontline & nonexempt workers. The ERG hosts monthly webinars for the 1,000+ members to share resources and connect people. ","“Our care ERG is something that all of our employees can participate in, including frontline and part-time employees. It's a really great option to hear the feedback from what people are looking for, what they need, and then we can provide support. They've also been able to advocate for some additional resources, like a caregiving coach who can help look for care options in your area that fit your needs.” -Theresa Roma, Guardian Life Insurance

""The first step for us was creating a business resource group for women in operations. This gave us the ability to have candid conversations and build trust with our people. We heard that our people, especially women, believed they had to choose between having children or having a career; in their minds, they couldn’t have both."" -Danelle McCusker Rees, UPS",,"""One of the most important factors of getting on-site daycare across the finish line was passion from our employees. It was really a group of parents within the organization who started advocating for this and were relentless about it. It was almost impossible for our leadership to ignore the employees saying that childcare was super important."" -Loryn Duke, Steamboat Ski Resort
""We listen to the needs of our people by establishing a Parent ERG where we have a direct forum where we get feedback on programs that will be meaningful to people."" -Kate Clifford, Chief Human Resources Officer, North America, Accenture"
20,Family-sustaining wages,Pay family-sustaining wages to all employees,Financial Support & Benefits,"Provide sustainable salaries that factor in cost-of-living and the ability for caregivers to raise a family and pay for childcare supports. This ultimately propels parents in the workforce and can boost the economy. Paying your workers more can solve the root of a variety of issues frontline workers often face, including affording childcare.",Read about how family-sustaining jobs can power an inclusive recovery in America’s regional economies.,"Chobani has increased minimum wage for all full-time employees in manufacturing and corporate hourly positions.

Starbucks raised wages for most hourly employees starting at the beginning of 2024 to raise their average hourly retail worker wage to $17.50/hour.",,The most critical aspects for frontline workers,
21,Pilots,Pilot a benefit in a small market with the most need,Direct Care Solutions,"Look at the needs of your employees and start with those who have the most to gain from piloting a new benefit. A pilot does not need to cost a lot of money (think: between $10K-$40K) and can be achieved in a short period of time (e.g., 6 months). There's a variety of innovators in the care space who are piloting new ways to support the care economy that can help.","Explore CareSprint's Employer Care Market with innovators who can work with you to start a pilot.

Read about The Care Guild's 2023 Care Innovators.","The Care That Works campaign focused on getting more women into construction trades in Boston, which involved helping them get access to care on the hours they need to be available. One of the biggest issues that they ran into was it's really hard to find care that's open early in the morning and then when they do manage to find it, it's absurdly expensive. So the pilot provides wrap-around services for early hour child care.","“We started small at one facility with a six-month pilot for an emergency or backup childcare program. We found 77% of our bookings during the pilot were happening within a 48 hour period, meaning they were true emergencies. We really wanted to solve for the gap in primary care. Then the ROI comes into play because when someone can't show up at work, there's operational pressure. This pilot proved to release that pressure, providing consistency and stability in our workforce.  We avoided over 120 absences and our retention went from 69% to an incredible 96%!” - Danelle McCusker, UPS",I want to innovate,
22,Resource pooling,Pool resources with other employers to bring childcare supports to your region,"Policy, Advocacy, & Systemic Change","Small businesses can pool resources with others in the area to contract with a childcare agency to bring affordable, quality care to their employees–similar to health insurance pools for small businesses. Other supports can be helpful to pool together, like building a clear, digestible directory of care services for caregivers in your workforce that is specific to their geographic region. ",Read bipartisan solutions to how small businesses can support care.,"Understand bipartisan legislation that supports small businesses, including childcare providers themselves.","“One of the biggest challenges in our region is the lack of affordable child care slots because of teacher recruitment issues. That's why we started the Employers for Child Care Task Force. We look at how can we improve our childcare infrastructure so that so that we have a system for employer partnerships.” - Kelsey Streufert, Texas Restaurant Association",I want to innovate,
23,On-ramps,Provide a returnship program or on-ramps back into work after leave,Flexible Work & Leave Policies,"Smooth the transition between taking a leave to caregive and returning to the workforce by providing supports like providing ramp-up work before going into a full-time schedule, flexible scheduling, lactation rooms, predictable shifts, & more. Returnship programs are a great tool to upskill & match those who have been out of the workforce for a while with quality roles.",Review ways employers can support caregivers after taking leave. ,See a comprehensive list of returnship programs.,,,"“If I had a magic wand, I would go back in time and pick a different career. Hospital-based audiology was super demanding as a parent and I was forced to leave the workforce. The return on investment wasn’t what I imagined. It’s sad to say this because I love what I do.” -Erica, former clinical audiologist who chose to leave the workforce after her second child was born because of lack of flexibility and childcare costs"
24,Back-up care,Provide back-up care options for when care falls through,Direct Care Solutions,"Support employees when their typical care coverage falls through by launching an on-site or near-site location for back-up care or providing credits or stipends for back-up care through a company, like Vivvi or Care.com.","Patch Caregiving works with frontline employers to provide back-up care options that their employees need.
Bumo is a simple, tech-enabled solution for the modern, working parent that allows them to instantly book child care on their platform. They offer employer-sponsored options to help employees get the care they need when they need it.","Synchrony supports caregivers with 60 days/year of back-up care.

UPS offers back-up, on-site care for frontline working caregivers at warehouses and facilities across the country for emergencies where regular care options fall through.","""Start by listening to the caregivers in your employee base and really understanding what type of support they need and want. We have learned through our research that the vast majority of frontline workers rely on friends and family to care for their children and many are happy with this arrangement. But their biggest complaint was needing a more resilient option when that care falls through, particularly at the very last minute. And so we were able to design targeted, reliable back-up support that meets their specific trust and safety criteria .""-Olivia Rosenthal, Patch Caregiving",,"“Everywhere there's 2 issues. There's affordability and there's accessibility and we didn't believe we could solve both at the exact same time. So we started with accessibility because, it doesn't matter if it's affordable if there's no space for anyone to go to. So right now our cost for employees is probably higher than we want it to be for our employees, but it is lower than the community rate.” - Danelle McCusker, UPS"
25,Coaching & mentorship,Support upward mobility for those returning to the workforce,Employee Engagement & Culture,"Upward mobility is an important factor to retaining top talent who have caregiving demands since there is a proven caregiving penalty that arises after workers need to leave the workforce to spend time doing unpaid care work. Creating a mentorship, sponsorship, or coaching program for caregivers can help propel them forward in their roles, connect them to peers, and match them with promotion opportunities. ","LUMO Leadership gives leading organizations the roadmap to cultivating a thriving, enduring workforce. Because supporting your employees through a parental transition and beyond isn’t just good to do — it’s good for business.",Review some exemplar programs.,,,
26,Paid time off,Provide a paid time off policy that caregivers can access,Flexible Work & Leave Policies,"Differing from paid leave, paid time off (PTO) provides pay for short-term needs, like getting medical care for oneself or a family member or bringing a child to the doctor. PTO can give caregivers additional flexibility to support their responsibilites outside of work while also reducing stress and providing quality time with those they care for. Provide PTO for frontline and nontraditional workers who are typically excluded from these benefits. Create flexibility so that employees could use this time for a few hours at a time for doctor's appointments in the middle of the day or time to pick up children.",Understand the various types of paid time off policies and their benefits.,,,The most critical aspects for frontline workers,
27,Employee assistance programs,Provide Employee Assistance Programs or a Care Advocate,Financial Support & Benefits,"Provide individual coaching like a caregiving coach to navigate benefits---similar to a health advocate or navigator. A Care Advocate can be an internal or external contact who helps employees navigate the care landscape and approach the company's benefits. Ensure confidential assistance programs are in place to support the workforce as they navigate caregiving obstacles. This benefit can specifically uplift the unique needs of caregivers of children with developmental delays or disabilities, connecting them to resources, support services, or financial benefits that serve their needs. ",Explore the U.S. Chamber of Commerce's Employer Guide to Childcare Assistance and Tax Credits,"Accenture has a Care Concierge to access to one-to-one, personalized support and training, including help with raising children with developmental challenges, as well as a learning program to support caregivers in living healthy, fulfilling lives. ",,,"Iowa has worked to assist parents in finding childcare openings through the launch of an interactive website.

""Our business is our talent. Keeping our talent is important. If our people aren’t out serving clients, we don’t stay in business."" -Kate Clifford, Chief Human Resources Officer - North America, Accenture"
28,Flexible work,Provide flexible working arrangements,Flexible Work & Leave Policies,"Think of ways to make your workplace more accommodating by considering flexibility in work settings and policies. For example, providing schedules 4-8 weeks in advance, creating a shorter shift schedule for caregivers who have to make childcare drop-off and pick-up times, taking paid sick days and/or paid caregiving days off, allowing a per diem option for part-time workers, giving employees tools to make last-minute shift switches, or creating remote working days where possible for part-time, hourly, or gig workers. ","Learn more about flexible working arrangements to offer parents and caregivers.

Review Families and Work Institute employer-employee guides to flexible working conditions for a variety of businesses (small, hospitality, service, and more).",,"“The draw for doing gig work is the flexibility. A set schedule is hard with all the different activities my kids have. It’s nearly impossible to get everything done. With gig work, I can go to a doctor’s appointment or take personal appointments. Worst case scenario, I can throw kids in the back seat while I drive for DoorDash.” -Kiana, gig worker & mother of 5

“Nonstandard and volatile schedules make it more challenging for parents to access high-quality early care and education programs, few of which operate during early morning, evening, overnight, or weekend hours, or are able to accommodate a constantly shifting schedule.” -National Women’s Law Center",The most critical aspects for frontline workers,
29,On-site childcare,"Provide on-site childcare to offer accessible, reliable care for employees",Direct Care Solutions,"Offering on-site early childhood education can support the retention, promotion, & inclusion of caregivers in the workforce. Employers can recoup hard costs through the Employer-Provided Childcare Credit. Providing quality childcare on or near a worksite can greatly relieve the stress of caregivers and improve engagement and retention. Going further, provide special education services to further include more children, and thus employees, in these programs.","If you offer care, recoup costs through the Employer-Provided Child Care Credit.

OnsiteKids develops and operates modular early learning centers and delivers joyful, equity-based early education and care as an employer-subsidized benefit specifically designed for frontline workers. OnSiteKids bakes flexibility and affordability into their model so employers who have been scared away by expensive, inflexible, and outdated care options can pilot a new approach to start small, learn fast, and grow with the workforce.","Steamboat Ski Resort has a year-round child care center that is an employer-based facility, prioritizing staff members while offering spots to community members when space is available.

Red Rooster Coffee opened Yellow Hen, an early childhood center located inside the same building as the coffee shop and roasting facility. Yellow Hen provides an affordable, convenient, and high-quality childcare option for the Red Rooster staff.","""Accessibility to care was the primary issue in our community. Now that we've opened an near-site child care center, we're investigating the affordability challenge. The key was for us to start somewhere and not worry about solving every issue at first."" -Morgan Bast, Marketing Director, Steamboat Resort

""We are an organization that has many departments that can service both our business and on-site childcare center. We have a finance department to help our Childcare Director with her budget. We have the security department to deal with door blocking mechanisms. We have an IT department when the internet goes down. Many businesses already have this infrastructure and a childcare center is like another department that they can serve."" -Loryn Duke, Steamboat Resort",,"Companies like Disney, offer full-time employees affordable onsite childcare run by the Central Florida YMCA at their Florida park, and assists their cast members in California with childcare costs at over 60 licensed childcare facilities.
""OnsiteKids develops and operates on-site child care centers specifically for frontline workers. We've baked flexibility and affordability into this model so that employers who have been scared away by Child Care 1.0 (expensive, inflexible, and outdated) can actually take off and pilot our Child Care 2.0 approach - start small, learn fast, and grow with the workforce.” - Carmi Medoff, Onsite Kids"
30,Paid parental leave,"Provide comprehensive paid parental, family, and/or medical leave",Direct Care Solutions,"The United States lags behind in providing paid parental leave, therefore so many companies have stepped in to cover this gap. Offering paid family and medical leave can be crucial for parents and caregivers to be able to get adjusted to their new family and remain in the workforce.","Review Bobbie's playbook for small businesses to start a paid leave program for caregviers.

Federal tax credits are available for employers who provide these benefits, read more at the Employer Credit for Paid Family and Medical Leave.

Paidleave.ai can help caregivers, as well as HR leaders, navigate how to access paid leave benefits in states where that is an option.","See which companies have paid leave.

Molly Moon's is a small ice cream company that has 12 weeks of family leave and offers  vacation, retirement, subsidized ORCA passes, and secure schedules posted in advance. 

Etsy employees have access to 26 weeks of fully paid parental leave, regardless of their gender, whenever a new child comes into their home. 

Read about an example of a comprehensive parental leave policy and it’s impact on child development.",,,
31,Retirement benefits,Provide retirement benefits to stay competitive and support employees,Financial Support & Benefits,"Retirement benefits are an important way to attract, retain, and engage top talent, including caregivers. Decreasing an employee’s retirement savings opportunities at a time when their expenses are increasing causes high levels of stress, which can negatively affect child development. Many frontline workers are excluded from this benefit and likely are stretched to pay for caregiving, let alone setting aside additional savings. Consider expanding retirement plans and matching contributions to these workers to exponentially support more caregivers.",Read how caregivers face unique challenges to retirement savings.,,,The most critical aspects for frontline workers,
32,Public benefits training,Provide employee support and training to unlock government benefits,Financial Support & Benefits,"Government benefits exist for caregivers, yet many find them unaccessible. Each year, these benefits go unused by many caregivers. Train HR to support employees to access the benefits that are available to them through public funds. Offer workshops, individualized counseling, and/or a clear guidebook on the supports that caregivers can unlock. ","Mirza is a platform that employers can provide to support frontline workers to access government benefits they are eligible for and supports them through the application process. Mirza provides a simple, single point of entry into the multitude of public opportunities for support like childcare subsidies, tax credits, and Pre-K programs at the local, state, and federal level.",,,,
33,Diversity metrics,Set diversity goals to represent caregivers in leadership positions,Employee Engagement & Culture,"Set goals for representation by gender & race, clearly showing role & location breakdown with a specific target for diversity in leadership positions. This can help caregivers, still predominantly women and women of color, obtain upward mobility at their companies that they have traditionally been excluded from due to the caregiving penalty.","Understand tax credits for providing opportunities for talent that have faced employment barriers.

Read how companies should set these kinds of goals.",,"“Childcare supports are not an equal benefit, but an equitable benefit. Many employers we've we've worked with oftentimes see that it’s women and employees from households of lower incomes who are disproportionately impacted. These are the people who are lacking the ability to stay in the workforce, be promoted, or take leadership positions. When we look at the data, childcare is actually inhibiting many of these diversity goals that companies want to pursue around diversity, equity, and inclusion.” - Nicole Riehl, EPIC",,
34,Easy scheduling,Set up capabilities for employees to make scheduling swaps,Flexible Work & Leave Policies,"Offer employees the ability to manage their own schedules to create an environment where caregivers can fully participate in their roles in the workforce and at home. This flexibility allows more people to participate and stay engaged at work while ensuring their children are in safe, quality care.",See this article on top employee shift scheduling platforms you can use,Amazon has rolled out a FamilyFlex program which offers employees the ability to swap shifts whenever they need to.,,The most critical aspects for frontline workers,
35,FFN care,"Support family, friend, or neighbor (FFN) caregiving",Direct Care Solutions,"Many families choose to have family, friends, or neighbors (FFN) as their full-time care coverage, especially when many care options operate outside of nontraditional work hours. Yet, many employers only provide benefits to center-based care. Consider ways that you might be able to support caregivers who rely on FFN as their primary care, like providing childcare stipends or connections to platforms that connect caregivers to FFN options.","Upwards works with employers to craft innovative childcare solutions, outside of on-site care. Upwards partners with employers and governments to make care accessible to all families, and empower the caregivers who provide it. They partner with top companies to solve childcare challenges for the modern workforce — without building onsite centers.","Accenture has a crisis-care reimbursement program, which allows working parents to find the caregiver of their choice — whether an extended family member or a friend — and receive reimbursement up to $100 a day for up to 30 days.

Chobani partnered with Upwards to provide more accessible care for all through multi-pronged approach with access to a network of in-home providers, nannies, and family, friend, or neighbor (FFN) care. Since the partnership in 2023, Chobani has already seen month over month attrition decrease.","""I've seen companies acknowledge and offer stipends and subsidies to pay for family, friend, & neighbor (FFN) care, which is a critical component for frontline workers. Government programs already acknowledge this—there's only a minority of states that don’t allow you to use vouchers for FFN."" - Siran Cao, CEO & Co-Founder of Hey Mirza",,"“We try to encourage our clients to be very open minded in terms of who gets to utilize the service. For those of them that provide a stipend or allowance to cover the cost of care, we encourage them to be open minded with how people use this money. It could be for childcare or elder care, whatever helps, even pet care for that matter.” - Bobby Isaacson, Upwards"
36,Employee survey,Survey all employees to understand their caregiving needs,Learning & Assessment,"Only 12% of companies measure the caregiving status of their employees, which can help you understand the most pressing caregiving needs and inform a customized benefits package. Use results to educate leadership and advocate for implementation. Surveys show employees you want to hear from them and it uncovers solutions to retaining, promoting, and engaging your talent.","Explore a guide to employer benefits surveys.

See sample survey questions in The Best Place for Working Parent's Child Care Toolkit.",See a sample survey like United Way of Idaho or Creative Child Care Solutions. ,"""During the pandemic, women were dropping out of our workforce at a shocking rate, and next thing we knew it became national headlines impacting most companies and our economy. We wanted to figure out where our employees were going and why employee absenteeism was increasing."" -Danelle McCusker, President, Human Resources & Operations Training, UPS",I'm just getting started,
37,Manager training,Train managers & HR leaders on supporting caregiving needs,Employee Engagement & Culture,"Managers & hiring representatives have a direct influence on how the workplace responds to caregiving. Provide training to help them celebrate caregiving by educating them on benefits, de-penalizing caregiving or gaps on resumes, highlight skills acquired through caregiving, & train responses to care needs.",Look to LUMO Leadership for programs and coaching to support managers and employees on supporting care in the workplace. ,"AARP has Caregiver Manager Training for HR, leadership, and managers to provide a formal process for supporting caregivers.","“Until we actually look at the implementation on benefits from a holistic perspective, the tactical solutions won't make a difference. Ensure you're supporting and encouraging leaders and manager to create a culture where they feel empowered to prioritize their childcare needs and support others with those responsibilities.” - Hillary Hittner, LUMO
",,
38,Business councils,Work with a local or national early childcare business council,"Policy, Advocacy, & Systemic Change","Join a local task force or an early childhood business council to understand your region's unique needs, assets, and public policies. Partner with a network of employers who are focused on furthering the caregiving benefits for their employees. ","Look for your local and regional business & economic development councils through the Chamber of Commerce directory.

Moms First National Business Coalition for Child Care inspires action, cultivates a community of practice, and generates insights to support employers in achieving their caregiving support goals.

ReadyNation focuses on the importance of early childhood development and can provide insights on how businesses can support their employees.","Mississippi Early Childhood Investment Council engages businesses to increase support for early childhood education by pushing for public funds and reforms and driving private investment through the Pre-K tax credit.

Early Matters Greater Austin is a coalition of business leaders working to solve the childcare issue in Austin, TX. They are in conversations with local preschools around opening on Saturday mornings to late-afternoon to give parents who work in restaurants a care option during brunch hours. They have also advocated for systems change, like successfully adding a measure on the local ballot to create a dedicated fund to support local child care needs.","“Early Matters Greater Austin is a coalition of business leaders using their voice to advocate for increased investment in quality, affordable child care and to promote family-friendly workplace policies, recognizing that access to childcare is an economic development issue.” - Brooke Freeland, United Way of Greater Austin",,"Childcare Aware: works with a national network of more than 500 child care resource and referral (CCR&Rs) agencies and other partners to ensure that all families have access to quality, affordable child care. 

National Association for the Education of Young Children (NAEYC): This organization focuses on improving education and care for children from birth to age eight and provides resources for early childhood professionals.

National Women’s Law Center (NWLC): NWLC focuses on policy advocacy for working women and families, including resources related to childcare access and affordability."